cluster,cgpa,aptitude_level,domain_skill_level,english_level,applied_work_count,internships_count,readiness_score
0,8.117166483386685,4.39906103286385,4.422535211267606,2.3333333333333335,3.028169014084507,0.6103286384976526,3.272941959061947
1,8.731136385636217,4.812865497076023,2.0292397660818713,2.4678362573099415,0.8771929824561403,0.6169590643274854,2.933604278983954
2,5.714367000036595,2.0081632653061225,2.436734693877551,2.3469387755102042,1.3306122448979592,0.5346938775510204,2.3387871224542076
